Key,comment,ja-jp,en-us,zh-cn,zh-tw,ko-kr,es-es,ar-sa,id-id,
Xaml_BuildSelection_Title,Window title for build selection dialog,ビルド選択,Build Selection,构建选择,建置選擇,빌드 선택,Selección de build,اختيار البناء,Pilih build,
Xaml_BuildSelection_BuildNumber,Build number label in build selection dialog,ビルド番号,Build Number,构建编号,建置編號,빌드 번호,Número de build,رقم البناء,Nomor build,
Xaml_Common_Cancel,Common cancel button label,キャンセル,Cancel,取消,取消,취소,Cancelar,إلغاء,Batal,
Xaml_Common_Apply,Common apply button label,適用,Apply,应用,套用,적용,Aplicar,تطبيق,Terapkan,
Xaml_Common_Refresh,Common refresh button label,更新,Refresh,刷新,重新整理,새로 고침,Actualizar,تحديث,Segarkan,
Xaml_Common_Save,Common save button label,保存,Save,保存,儲存,저장,Guardar,حفظ,Simpan,
Xaml_Common_Add,Common add button label,追加,Add,添加,新增,추가,Añadir,إضافة,Tambah,
Xaml_AuditLog_Title,Window title for audit log,監査ログ / 変更履歴,Audit Log / Change History,审计日志 / 变更历史,稽核記錄 / 變更歷程,감사 로그 / 변경 이력,Registro de auditoría / Historial de cambios,سجل التدقيق / سجل التغييرات,Log audit / Riwayat perubahan,
Xaml_AuditLog_DisplayCount,Display count label in audit log,表示件数,Displayed Count,显示条数,顯示筆數,표시 건수,Cantidad mostrada,عدد العناصر المعروضة,Jumlah ditampilkan,
Xaml_AuditLog_HeaderTimestampUtc,Audit log column header for UTC timestamp,日時(UTC),Timestamp (UTC),时间(UTC),時間(UTC),시간(UTC),Fecha y hora (UTC),الوقت (UTC),Waktu (UTC),
Xaml_AuditLog_HeaderCategory,Audit log column header for category,カテゴリ,Category,类别,類別,카테고리,Categoría,الفئة,Kategori,
Xaml_AuditLog_HeaderAction,Audit log column header for action,操作,Action,操作,操作,작업,Acción,الإجراء,Tindakan,
Xaml_AuditLog_HeaderEntityId,Audit log column header for entity id,対象ID,Target ID,目标ID,目標ID,대상 ID,ID objetivo,معرّف الهدف,ID target,
Xaml_AuditLog_HeaderProperty,Audit log column header for property,項目,Property,字段,欄位,항목,Campo,الحقل,Properti,
Xaml_AuditLog_HeaderBefore,Audit log column header for before value,変更前/内容,Before / Content,变更前/内容,變更前/內容,변경 전/내용,Antes / Contenido,قبل / المحتوى,Sebelum / Konten,
Xaml_AuditLog_HeaderAfter,Audit log column header for after value,変更後,After,变更后,变更後,변경 후,Después,بعد,Sesudah,
Xaml_AuditLog_HeaderActor,Audit log column header for actor,実行者,Actor,执行者,執行者,실행자,Ejecutor,المنفذ,Pelaku,
Xaml_StructuredLog_Title,Window title for structured log,構造化ログ,Structured Log,结构化日志,結構化日誌,구조화 로그,Registro estructurado,السجل المنظّم,Log terstruktur,
Xaml_StructuredLog_MaxItems,Maximum items label in structured log,最大件数,Max Items,最大条数,最大筆數,최대 항목 수,Máximo de elementos,الحد الأقصى للعناصر,Jumlah maksimum,
Xaml_StructuredLog_Reload,Reload button label in structured log,再読込,Reload,重新加载,重新載入,다시 불러오기,Recargar,إعادة تحميل,Muat ulang,
Xaml_StructuredLog_ClearLogs,Clear logs button label,ログ削除,Clear Logs,清除日志,清除日誌,로그 삭제,Borrar registros,حذف السجلات,Hapus log,
Xaml_StructuredLog_Folder,Open folder button label,フォルダ,Folder,文件夹,資料夾,폴더,Carpeta,مجلد,Folder,
Xaml_StructuredLog_Level,Level filter label in structured log,レベル,Level,级别,層級,레벨,Nivel,المستوى,Level,
Xaml_StructuredLog_Category,Category filter label in structured log,カテゴリ,Category,类别,類別,카테고리,Categoría,الفئة,Kategori,
Xaml_StructuredLog_Operation,Operation filter label in structured log,操作,Operation,操作,操作,작업,Operación,العملية,Operasi,
Xaml_StructuredLog_ServerId,Server id filter label in structured log,サーバーID,Server ID,服务器ID,伺服器ID,서버 ID,ID del servidor,معرّف الخادم,ID server,
Xaml_StructuredLog_Search,Search filter label in structured log,検索,Search,搜索,搜尋,검색,Buscar,بحث,Cari,
Xaml_StructuredLog_ResetFilter,Reset filter button label,フィルタ解除,Reset Filters,重置筛选,清除篩選,필터 초기화,Restablecer filtros,إعادة تعيين عوامل التصفية,Atur ulang filter,
Xaml_StructuredLog_HeaderTimestampUtc,Structured log column header for UTC timestamp,時刻(UTC),Time (UTC),时间(UTC),時間(UTC),시간(UTC),Hora (UTC),الوقت (UTC),Waktu (UTC),
Xaml_StructuredLog_HeaderLevel,Structured log column header for level,レベル,Level,级别,層級,레벨,Nivel,المستوى,Level,
Xaml_StructuredLog_HeaderCategory,Structured log column header for category,カテゴリ,Category,类别,類別,카테고리,Categoría,الفئة,Kategori,
Xaml_StructuredLog_HeaderOperation,Structured log column header for operation,操作,Operation,操作,操作,작업,Operación,العملية,Operasi,
Xaml_StructuredLog_HeaderServerId,Structured log column header for server id,サーバーID,Server ID,服务器ID,伺服器ID,서버 ID,ID del servidor,معرّف الخادم,ID server,
Xaml_StructuredLog_HeaderProcess,Structured log column header for process,プロセス,Process,进程,程序,프로세스,Proceso,العملية,Proses,
Xaml_StructuredLog_HeaderMessage,Structured log column header for message,メッセージ,Message,消息,訊息,메시지,Mensaje,الرسالة,Pesan,
Xaml_StructuredLog_HeaderException,Structured log column header for exception,例外,Exception,异常,例外,예외,Excepción,الاستثناء,Eksepsi,
Xaml_StructuredLog_HeaderCorrelationId,Structured log column header for correlation id,相関ID,Correlation ID,关联ID,關聯ID,상관 ID,ID de correlación,معرّف الارتباط,ID korelasi,
Xaml_PluginManager_Title,Window title for plugin manager,プラグイン管理,Plugin Manager,插件管理,外掛管理,플러그인 관리,Gestor de plugins,إدارة الإضافات,Manajer plugin,
Xaml_PluginManager_ServerRunningNotice,Notice shown when server is running,サーバー稼働中 — 変更はサーバー再起動後に反映されます,Server is running — changes apply after server restart.,服务器正在运行——更改将在服务器重启后生效。,伺服器執行中——變更會在伺服器重新啟動後生效。,서버 실행 중 — 변경 사항은 서버 재시작 후 적용됩니다.,Servidor en ejecución — los cambios se aplican tras reiniciar.,الخادم قيد التشغيل — سيتم تطبيق التغييرات بعد إعادة التشغيل.,Server sedang berjalan — perubahan berlaku setelah restart.,
Xaml_PluginManager_Install,Install button label in plugin manager,インストール,Install,安装,安裝,설치,Instalar,تثبيت,Pasang,
Xaml_PluginManager_OpenFolder,Open folder button label in plugin manager,フォルダを開く,Open Folder,打开文件夹,開啟資料夾,폴더 열기,Abrir carpeta,فتح المجلد,Buka folder,
Xaml_PluginManager_NoPlugins,Empty state title for plugin list,プラグインがありません,No plugins found,没有插件,沒有外掛程式,플러그인이 없습니다,No hay plugins,لا توجد إضافات,Tidak ada plugin,
Xaml_PluginManager_DropOrInstallHint,Hint for drag and drop or install button,JARファイルをここにドラッグ & ドロップするかインストールボタンを押してください,Drag and drop JAR files here or use the Install button.,将 JAR 文件拖放到此处或使用安装按钮。,將 JAR 檔拖放到此處或使用安裝按鈕。,JAR 파일을 여기에 끌어다 놓거나 설치 버튼을 누르세요.,Arrastra JAR aquí o usa el botón Instalar.,اسحب ملفات JAR هنا أو استخدم زر التثبيت.,Seret file JAR ke sini atau gunakan tombol Pasang.,
Xaml_PluginManager_DropToInstall,Overlay text for drag and drop install,ここにドロップしてインストール,Drop here to install,拖放到此处安装,拖放到此處安裝,여기에 놓아 설치,Soltar aquí para instalar,أسقط هنا للتثبيت,Jatuhkan di sini untuk pemasang,
Xaml_PluginManager_Uninstall,Uninstall button label in plugin manager,アンインストール,Uninstall,卸载,解除安裝,제거,Desinstalar,إلغاء التثبيت,Copot,
Xaml_OperationsCenter_Title,Window title for operations center,運用ダッシュボード,Operations Dashboard,运维仪表板,營運儀表板,운영 대시보드,Panel de operaciones,لوحة العمليات,Dasbor operasi,
Xaml_OperationsCenter_HeaderJobName,Operations center column header for job name,ジョブ名,Job Name,作业名,工作名稱,작업 이름,Nombre del trabajo,اسم المهمة,Nama pekerjaan,
Xaml_OperationsCenter_HeaderServerId,Operations center column header for server id,サーバーID,Server ID,服务器ID,伺服器ID,서버 ID,ID del servidor,معرّف الخادم,ID server,
Xaml_OperationsCenter_HeaderStatus,Operations center column header for status,状態,Status,状态,狀態,상태,Estado,الحالة,Status,
Xaml_OperationsCenter_HeaderAttempt,Operations center column header for attempt count,試行回数,Attempts,尝试次数,嘗試次數,시도 횟수,Intentos,عدد المحاولات,Jumlah percobaan,
Xaml_OperationsCenter_HeaderMaxAttempt,Operations center column header for max attempts,最大試行,Max Attempts,最大尝试,最大嘗試,최대 시도,Intentos máximos,الحد الأقصى للمحاولات,Maksimum percobaan,
Xaml_OperationsCenter_HeaderDurationMs,Operations center column header for duration in ms,実行時間(ms),Duration (ms),耗时(ms),執行時間(ms),실행 시간(ms),Duración (ms),المدة (مللي ثانية),Durasi (ms),
Xaml_OperationsCenter_HeaderCompletedUtc,Operations center column header for completion time,完了時刻,Completed At,完成时间,完成時間,완료 시각,Hora de finalización,وقت الإكمال,Waktu selesai,
Xaml_OperationsCenter_HeaderError,Operations center column header for error,エラー,Error,错误,錯誤,오류,Error,خطأ,Error,
Xaml_ServerFileEditor_Title,Window title for server file editor,ファイル編集,File Editor,文件编辑,檔案編輯,파일 편집,Editor de archivos,محرر الملفات,Editor file,
Xaml_ServerFileEditor_ConfigFiles,Section header for config files,設定ファイル,Config Files,配置文件,設定檔,설정 파일,Archivos de configuración,ملفات الإعداد,File konfigurasi,
Xaml_ServerFileEditor_AddSource,Button label for adding world source,ソース追加,Add Source,添加来源,新增來源,소스 추가,Agregar origen,إضافة مصدر,Tambah sumber,
Xaml_ServerFileEditor_ApplyWorld,Button label for applying world mapping,ワールド適用,Apply World,应用世界,套用世界,월드 적용,Aplicar mundo,تطبيق العالم,Terapkan world,
JobOrchestrator_LogJobSuccessFormat,Structured log text for successful job,ジョブ成功: {0} attempt={1},Job success: {0} attempt={1},作业成功: {0} attempt={1},作業成功：{0} attempt={1},작업 성공: {0} attempt={1},Trabajo exitoso: {0} attempt={1},نجاح المهمة: {0} attempt={1},Pekerjaan berhasil: {0} attempt={1},
JobOrchestrator_LogJobFailedFormat,Structured log text for failed job,ジョブ失敗: {0} attempt={1} error={2},Job failed: {0} attempt={1} error={2},作业失败: {0} attempt={1} error={2},作業失敗：{0} attempt={1} error={2},작업 실패: {0} attempt={1} error={2},Trabajo fallido: {0} attempt={1} error={2},فشل المهمة: {0} attempt={1} error={2},Pekerjaan gagal: {0} attempt={1} error={2},
ServerFileEditor_WorldSlotOverworld,World slot display name for overworld,オーバーワールド,Overworld,主世界,主世界,오버월드,Overworld,العالم العلوي,Overworld,
ServerFileEditor_WorldSlotNether,World slot display name for nether,ネザー,Nether,下界,地獄,네더,Nether,الجحيم السفلي,Nether,
ServerFileEditor_WorldSlotEnd,World slot display name for end,エンド,End,末地,終界,엔드,End,النهاية,End,
ServerFileEditor_JsonLoadFailed,Status when JSON loading fails,JSONの読み込みに失敗しました。,Failed to load JSON.,JSON 加载失败。,JSON 載入失敗。,JSON 로드에 실패했습니다.,No se pudo cargar JSON.,فشل تحميل JSON.,Gagal memuat JSON.,
ServerFileEditor_InvalidUserName,Status when username is invalid,ユーザー名が無効です。,Invalid user name.,用户名无效。,使用者名稱無效。,사용자 이름이 올바르지 않습니다.,Nombre de usuario no válido.,اسم المستخدم غير صالح.,Nama pengguna tidak valid.,
ServerFileEditor_DuplicateUserName,Status when username already exists,同名ユーザーは既に存在します。,A user with the same name already exists.,同名用户已存在。,同名使用者已存在。,같은 이름의 사용자가 이미 존재합니다.,Ya existe un usuario con el mismo nombre.,يوجد مستخدم بنفس الاسم بالفعل.,Pengguna dengan nama yang sama sudah ada.,
ServerFileEditor_ResolvingUuid,Status while resolving UUID,UUIDを取得中...,Resolving UUID...,正在获取 UUID...,正在取得 UUID...,UUID를 조회 중...,Resolviendo UUID...,جارٍ جلب UUID...,Sedang mengambil UUID...,
ServerFileEditor_ResolveUuidFailed,Status when UUID resolve fails,UUIDの取得に失敗しました。,Failed to resolve UUID.,获取 UUID 失败。,取得 UUID 失敗。,UUID 조회에 실패했습니다.,No se pudo resolver el UUID.,فشل جلب UUID.,Gagal mengambil UUID.,
ServerFileEditor_Added,Status when item is added,追加しました。,Added.,已添加。,已新增。,추가했습니다.,Añadido.,تمت الإضافة.,Berhasil ditambahkan.,
ServerFileEditor_Removed,Status when item is removed,削除しました。,Removed.,已删除。,已刪除。,삭제했습니다.,Eliminado.,تمت الإزالة.,Berhasil dihapus.,
ServerFileEditor_InvalidIpAddress,Status when IP address is invalid,IPアドレスが無効です。,Invalid IP address.,IP 地址无效。,IP 位址無效。,IP 주소가 올바르지 않습니다.,Dirección IP no válida.,عنوان IP غير صالح.,Alamat IP tidak valid.,
ServerFileEditor_DuplicateIpAddress,Status when same IP already exists,同じIPは既に存在します。,The same IP already exists.,相同 IP 已存在。,相同 IP 已存在。,같은 IP가 이미 존재합니다.,La misma IP ya existe.,نفس عنوان IP موجود بالفعل.,IP yang sama sudah ada.,
ServerFileEditor_InvalidFolderPath,Status when folder path is invalid,有効なフォルダーを指定してください。,Specify a valid folder.,请指定有效文件夹。,請指定有效資料夾。,유효한 폴더를 지정하세요.,Especifica una carpeta válida.,حدد مجلدًا صالحًا.,Tentukan folder yang valid.,
ServerFileEditor_AlreadyExistsInList,Status when folder already exists in list,すでに一覧に存在します。,Already exists in the list.,列表中已存在。,清單中已存在。,목록에 이미 존재합니다.,Ya existe en la lista.,موجود بالفعل في القائمة.,Sudah ada di daftar.,
ServerFileEditor_AssignedToSlotFormat,Status when source assigned to world slot,{0} に割り当てました。,Assigned to {0}.,已分配到 {0}。,已指派到 {0}。,{0}에 할당했습니다.,Asignado a {0}.,تم التعيين إلى {0}.,Ditugaskan ke {0}.,
ServerFileEditor_RemovedFromList,Status when source removed from list,一覧から削除しました。,Removed from the list.,已从列表中删除。,已從清單中移除。,목록에서 제거했습니다.,Eliminado de la lista.,تمت الإزالة من القائمة.,Dihapus dari daftar.,
ServerFileEditor_ApplyingWorlds,Status while applying world mappings,ワールドを適用中...,Applying worlds...,正在应用世界...,正在套用世界...,월드를 적용 중...,Aplicando mundos...,جارٍ تطبيق العوالم...,Sedang menerapkan world...,
ServerFileEditor_NoAssignments,Status when no world assignments exist,割り当てがありません。,No assignments found.,没有分配项。,沒有指派項目。,할당이 없습니다.,No hay asignaciones.,لا توجد تعيينات.,Tidak ada penugasan.,
ServerFileEditor_WorldSourceNotFoundFormat,Error when world source is missing,{0} のソースが見つかりません。,Source for {0} was not found.,找不到 {0} 的来源。,找不到 {0} 的來源。,{0}의 소스를 찾을 수 없습니다.,No se encontró la fuente de {0}.,لم يتم العثور على مصدر {0}.,Sumber untuk {0} tidak ditemukan.,
ServerFileEditor_Applied,Status when world mappings applied,適用しました。,Applied.,已应用。,已套用。,적용했습니다.,Aplicado.,تم التطبيق.,Berhasil diterapkan.,
ServerFileEditor_ApplyFailedFormat,Status when applying world mappings fails,適用に失敗しました: {0},Failed to apply: {0},应用失败: {0},套用失敗：{0},적용에 실패했습니다: {0},Error al aplicar: {0},فشل التطبيق: {0},Gagal menerapkan: {0},
PluginManager_StatusPluginCountFormat,Plugin manager status with plugin count,{0} プラグイン,{0} plugins,{0} 个插件,{0} 個外掛程式,{0}개 플러그인,{0} plugins,{0} مكون إضافي,{0} plugin,
PluginManager_SelectJarTitle,File dialog title to select plugin jar,プラグイン JAR を選択,Select plugin JAR,选择插件 JAR,選擇外掛 JAR,플러그인 JAR 선택,Seleccionar JAR del plugin,اختر ملف JAR للإضافة,Pilih JAR plugin,
PluginManager_SelectJarFilter,File dialog filter for plugin jar,JAR ファイル (*.jar)|*.jar,JAR Files (*.jar)|*.jar,JAR 文件 (*.jar)|*.jar,JAR 檔案 (*.jar)|*.jar,JAR 파일 (*.jar)|*.jar,Archivos JAR (*.jar)|*.jar,ملفات JAR (*.jar)|*.jar,File JAR (*.jar)|*.jar,
PluginManager_InstallFailedFormat,Error message when plugin install fails,{0} のインストールに失敗: {1},Failed to install {0}: {1},{0} 安装失败: {1},{0} 安裝失敗：{1},{0} 설치 실패: {1},Error al instalar {0}: {1},فشل تثبيت {0}: {1},Gagal memasang {0}: {1},
Common_ErrorTitle,Common error dialog title,エラー,Error,错误,錯誤,오류,Error,خطأ,Error,
PluginManager_InstallCompletedFormat,Status when plugin installation is completed,{0} 個インストール完了 — 合計 {1} プラグイン,{0} installed — total {1} plugins,已安装 {0} 个——共 {1} 个插件,已安裝 {0} 個——共 {1} 個外掛程式,{0}개 설치 완료 — 총 {1}개 플러그인,{0} instalados — total {1} plugins,تم تثبيت {0} — الإجمالي {1} مكون إضافي,{0} terpasang — total {1} plugin,
PluginManager_UninstallConfirmFormat,Confirmation message for plugin uninstall,「{0}」を削除しますか？,Delete {0}?,要删除 {0} 吗？,要刪除 {0} 嗎？,{0}를 삭제할까요?,¿Eliminar {0}?,هل تريد حذف {0}؟,Hapus {0}?,
Common_ConfirmTitle,Common confirmation dialog title,確認,Confirm,确认,確認,확인,Confirmar,تأكيد,Konfirmasi,
PluginManager_UninstallFailedFormat,Error message when plugin uninstall fails,削除に失敗: {0},Failed to delete: {0},删除失败: {0},刪除失敗：{0},삭제 실패: {0},Error al eliminar: {0},فشل الحذف: {0},Gagal menghapus: {0},
EulaGuidance_InitialAgreementRequired,EULA guidance for first startup,初回起動で EULA 同意が必要です。設定編集から eula.txt を開き、eula=true に変更して保存してください。,EULA agreement is required on first startup. Open eula.txt from settings and change eula=true then save.,首次启动需要同意 EULA。请从设置中打开 eula.txt 并将 eula=true 后保存。,首次啟動需要同意 EULA。請從設定開啟 eula.txt 並將 eula=true 後儲存。,첫 실행 시 EULA 동의가 필요합니다. 설정에서 eula.txt를 열고 eula=true로 변경 후 저장하세요.,Se requiere aceptar el EULA en el primer inicio. Abre eula.txt desde configuración y cambia eula=true y guarda.,مطلوب الموافقة على EULA عند أول تشغيل. افتح eula.txt من الإعدادات وغيّر eula=true ثم احفظ.,Persetujuan EULA diperlukan saat startup pertama. Buka eula.txt dari pengaturan lalu ubah eula=true dan simpan.,
Authorization_InlineDeniedFormat,Inline authorization denied message,認可により操作できません: {0},Operation is not allowed by authorization: {0},因授权限制无法执行操作: {0},因授權限制無法執行操作：{0},권한 정책으로 작업할 수 없습니다: {0},La autorización no permite esta operación: {0},غير مسموح بهذه العملية حسب التفويض: {0},Operasi tidak diizinkan oleh otorisasi: {0},
Authorization_DialogDenied,Dialog authorization denied message without reason,認可により操作できません。,Operation is not allowed by authorization.,因授权限制无法执行操作。,因授權限制無法執行操作。,권한 정책으로 작업할 수 없습니다.,La autorización no permite esta operación.,غير مسموح بهذه العملية حسب التفويض.,Operasi tidak diizinkan oleh otorisasi.,
Authorization_DialogDeniedWithReasonFormat,Dialog authorization denied message with reason,認可により操作できません。\n理由: {0},Operation is not allowed by authorization.\nReason: {0},因授权限制无法执行操作。\n原因: {0},因授權限制無法執行操作。\n原因：{0},권한 정책으로 작업할 수 없습니다.\n사유: {0},La autorización no permite esta operación.\nMotivo: {0},غير مسموح بهذه العملية حسب التفويض.\nالسبب: {0},Operasi tidak diizinkan oleh otorisasi.\nAlasan: {0},
BoundaryException_WrapMessageFormat,Boundary exception wrap message,{0} で {1} 境界の例外が発生しました: {2},Boundary exception occurred in {0} at {1}: {2},{0} 中发生 {1} 边界异常: {2},{0} 發生 {1} 邊界例外：{2},{0}에서 {1} 경계 예외가 발생했습니다: {2},Excepción de límite en {0} de tipo {1}: {2},حدث استثناء حد في {0} عند {1}: {2},Terjadi exception batas di {0} pada {1}: {2},
ServerProcess_LogSendCommandFormat,Structured log when sending command,コマンド送信: {0},Send command: {0},发送命令: {0},傳送命令：{0},명령 전송: {0},Enviar comando: {0},إرسال أمر: {0},Kirim perintah: {0},
ServerProcess_LogStopBegin,Structured log when stopping process synchronously,サーバープロセス停止を開始します。,Starting server process stop.,开始停止服务器进程。,開始停止伺服器程序。,서버 프로세스 중지를 시작합니다.,Iniciando detención del proceso del servidor.,بدء إيقاف عملية الخادم.,Memulai penghentian proses server.,
ServerProcess_LogStopAsyncBegin,Structured log when stopping process asynchronously,サーバープロセス非同期停止を開始します。,Starting async server process stop.,开始异步停止服务器进程。,開始非同步停止伺服器程序。,서버 프로세스 비동기 중지를 시작합니다.,Iniciando detención asíncrona del proceso del servidor.,بدء الإيقاف غير المتزامن لعملية الخادم.,Memulai penghentian proses server secara asinkron.,
MainPage_ServerNotSelected,No server selected for delete action,対象サーバーが選択されていません。,No server is selected.,未选择服务器。,未選擇伺服器。,선택된 서버가 없습니다.,No hay ningún servidor seleccionado.,لم يتم تحديد أي خادم.,Tidak ada server yang dipilih.,
MainPage_NewServerName,Default name for a newly created server,新規サーバー,New Server,新服务器,新伺服器,새 서버,Nuevo servidor,خادم جديد,Server baru,
MainPage_DeleteAfterStopRequired,Warn to stop server before deletion,サーバー停止後に削除してください。,Stop the server before deleting it.,请先停止服务器再删除。,請先停止伺服器再刪除。,서버를 중지한 후 삭제하세요.,Detén el servidor antes de eliminarlo.,أوقف الخادم قبل حذفه.,Hentikan server sebelum menghapusnya.,
MainPage_DeleteServerConfirmFormat,Confirm deleting server and directory,サーバー '{0}' を削除します。ディレクトリも削除されます。よろしいですか？,Delete server '{0}'? Its directory will also be deleted. Continue?,要删除服务器“{0}”吗？其目录也将被删除。是否继续？,要刪除伺服器「{0}」嗎？其目錄也會一併刪除。是否繼續？,서버 '{0}'를 삭제하시겠습니까? 디렉터리도 함께 삭제됩니다. 계속할까요?,¿Eliminar el servidor '{0}'? También se eliminará su directorio. ¿Continuar?,هل تريد حذف الخادم '{0}'؟ سيتم أيضًا حذف المجلد الخاص به. هل تريد المتابعة؟,Hapus server '{0}'? Direktori juga akan dihapus. Lanjutkan?,
MainPage_DeleteServerDirectoryFailedFormat,Error when server directory deletion fails,サーバーディレクトリの削除に失敗しました: {0},Failed to delete server directory: {0},删除服务器目录失败: {0},刪除伺服器目錄失敗：{0},서버 디렉터리 삭제에 실패했습니다: {0},No se pudo eliminar el directorio del servidor: {0},فشل حذف مجلد الخادم: {0},Gagal menghapus direktori server: {0},
SettingPage_UnnamedServer,Fallback display name for unnamed server,名称未設定,Unnamed,未命名,未命名,이름 없음,Sin nombre,بدون اسم,Tanpa nama,
SettingPage_JavaPathStatusNotConfigured,Java path status when not set,未設定 — 起動時に自動ダウンロードを試みます,Not configured — will try auto-download on startup.,未设置——启动时将尝试自动下载。,未設定——啟動時將嘗試自動下載。,설정되지 않음 — 시작 시 자동 다운로드를 시도합니다.,Sin configurar: se intentará la descarga automática al iniciar.,غير مُكوَّن — ستتم محاولة التنزيل التلقائي عند بدء التشغيل.,Belum dikonfigurasi — akan mencoba unduh otomatis saat mulai.,
SettingPage_JavaPathStatusValid,Java path status when path is valid,有効なパスが設定されています,A valid path is configured.,已配置有效路径。,已設定有效路徑。,유효한 경로가 설정되어 있습니다.,Se ha configurado una ruta válida.,تم تعيين مسار صالح.,Jalur yang valid telah dikonfigurasi.,
SettingPage_JavaPathStatusNotFound,Java path status when file does not exist,指定されたファイルが見つかりません,The specified file was not found.,找不到指定的文件。,找不到指定的檔案。,지정한 파일을 찾을 수 없습니다.,No se encontró el archivo especificado.,لم يتم العثور على الملف المحدد.,File yang ditentukan tidak ditemukan.,
SettingPage_SelectJavaExeTitle,Dialog title to pick java executable,java.exe を選択,Select java.exe,选择 java.exe,選擇 java.exe,java.exe 선택,Seleccionar java.exe,حدد java.exe,Pilih java.exe,
SettingPage_SelectJavaExeFilter,File dialog filter for java executable,java.exe|java.exe|実行ファイル (*.exe)|*.exe|すべてのファイル (*.*)|*.*,java.exe|java.exe|Executable Files (*.exe)|*.exe|All Files (*.*)|*.*,java.exe|java.exe|可执行文件 (*.exe)|*.exe|所有文件 (*.*)|*.*,java.exe|java.exe|可執行檔案 (*.exe)|*.exe|所有檔案 (*.*)|*.*,java.exe|java.exe|실행 파일 (*.exe)|*.exe|모든 파일 (*.*)|*.*,java.exe|java.exe|Archivos ejecutables (*.exe)|*.exe|Todos los archivos (*.*)|*.*,java.exe|java.exe|الملفات التنفيذية (*.exe)|*.exe|كل الملفات (*.*)|*.*,java.exe|java.exe|File Eksekusi (*.exe)|*.exe|Semua File (*.*)|*.*,
SettingPage_UnregisteredServer,Label for locked server not found in list,未登録サーバー,Unregistered server,未注册服务器,未註冊伺服器,등록되지 않은 서버,Servidor no registrado,خادم غير مسجل,Server tidak terdaftar,
SettingPage_PinMismatch,Error when new and confirm PIN differ,新しいPINと確認入力が一致しません。,New PIN and confirmation do not match.,新 PIN 与确认输入不一致。,新 PIN 與確認輸入不一致。,새 PIN과 확인 입력이 일치하지 않습니다.,El PIN nuevo y la confirmación no coinciden.,رمز PIN الجديد وتأكيده غير متطابقين.,PIN baru dan konfirmasi tidak cocok.,
SettingPage_PinLengthInvalid,Error when PIN length is out of range,PINは4〜32文字で設定してください。,Set the PIN to 4 to 32 characters.,请将 PIN 设置为 4 到 32 个字符。,請將 PIN 設為 4 到 32 個字元。,PIN은 4자에서 32자로 설정하세요.,Configura el PIN entre 4 y 32 caracteres.,اضبط رمز PIN بين 4 و32 حرفًا.,Atur PIN antara 4 hingga 32 karakter.,
SettingPage_RoleElevationPinRequired,Error when role elevation has no configured PIN,ロール昇格には認証が必要です。PINを先に設定してください。,Role elevation requires authentication. Set a PIN first.,角色提升需要身份验证。请先设置 PIN。,角色提升需要驗證。請先設定 PIN。,역할 상승에는 인증이 필요합니다. 먼저 PIN을 설정하세요.,La elevación de rol requiere autenticación. Configura primero un PIN.,يتطلب رفع الدور مصادقة. قم بتعيين PIN أولاً.,Peningkatan peran memerlukan autentikasi. Atur PIN terlebih dahulu.,
SettingPage_CurrentPinRequired,Error when current PIN input is empty,現在PINを入力してください。,Enter the current PIN.,请输入当前 PIN。,請輸入目前 PIN。,현재 PIN을 입력하세요.,Introduce el PIN actual.,أدخل رمز PIN الحالي.,Masukkan PIN saat ini.,
SettingPage_PinVerificationFailed,Error when PIN verification fails,PIN認証に失敗しました。,PIN verification failed.,PIN 验证失败。,PIN 驗證失敗。,PIN 인증에 실패했습니다.,La verificación del PIN falló.,فشل التحقق من رمز PIN.,Verifikasi PIN gagal.,
SettingPage_WindowsHelloPrompt,Prompt for Windows Hello verification,ロール昇格のため認証してください。,Please verify for role elevation.,请验证身份以进行角色提升。,請驗證身分以進行角色提升。,역할 상승을 위해 인증해 주세요.,Verifica tu identidad para la elevación de rol.,يرجى التحقق من الهوية لرفع الدور.,Silakan verifikasi untuk peningkatan peran.,
SettingPage_WindowsHelloCanceled,Windows Hello was canceled,Windows Hello認証がキャンセルされました。,Windows Hello verification was canceled.,Windows Hello 验证已取消。,Windows Hello 驗證已取消。,Windows Hello 인증이 취소되었습니다.,Se canceló la verificación de Windows Hello.,تم إلغاء التحقق عبر Windows Hello.,Verifikasi Windows Hello dibatalkan.,
SettingPage_WindowsHelloRetriesExhausted,Windows Hello retry limit reached,Windows Hello認証の試行回数上限に達しました。,Windows Hello retry limit was reached.,已达到 Windows Hello 验证重试上限。,已達到 Windows Hello 驗證重試上限。,Windows Hello 재시도 한도에 도달했습니다.,Se alcanzó el límite de reintentos de Windows Hello.,تم الوصول إلى الحد الأقصى لمحاولات Windows Hello.,Batas percobaan ulang Windows Hello tercapai.,
SettingPage_WindowsHelloDeviceBusy,Windows Hello device is busy,Windows Helloデバイスが使用中です。,Windows Hello device is busy.,Windows Hello 设备正忙。,Windows Hello 裝置忙碌中。,Windows Hello 장치가 사용 중입니다.,El dispositivo de Windows Hello está ocupado.,جهاز Windows Hello مشغول.,Perangkat Windows Hello sedang sibuk.,
SettingPage_WindowsHelloDisabledByPolicy,Windows Hello is disabled by policy,Windows Helloがポリシーで無効化されています。,Windows Hello is disabled by policy.,Windows Hello 已被策略禁用。,Windows Hello 已被原則停用。,Windows Hello가 정책으로 비활성화되었습니다.,Windows Hello está deshabilitado por directiva.,تم تعطيل Windows Hello بواسطة النهج.,Windows Hello dinonaktifkan oleh kebijakan.,
SettingPage_WindowsHelloNotConfigured,Windows Hello is not configured,Windows Helloが未設定です。,Windows Hello is not configured.,Windows Hello 尚未配置。,Windows Hello 尚未設定。,Windows Hello가 설정되지 않았습니다.,Windows Hello no está configurado.,لم يتم إعداد Windows Hello.,Windows Hello belum dikonfigurasi.,
SettingPage_WindowsHelloDeviceNotPresent,Windows Hello device not found,Windows Helloデバイスが見つかりません。,Windows Hello device was not found.,未找到 Windows Hello 设备。,找不到 Windows Hello 裝置。,Windows Hello 장치를 찾을 수 없습니다.,No se encontró el dispositivo de Windows Hello.,لم يتم العثور على جهاز Windows Hello.,Perangkat Windows Hello tidak ditemukan.,
SettingPage_WindowsHelloFailed,Generic Windows Hello verification failure,Windows Hello認証に失敗しました。,Windows Hello verification failed.,Windows Hello 验证失败。,Windows Hello 驗證失敗。,Windows Hello 인증에 실패했습니다.,La verificación de Windows Hello falló.,فشل التحقق عبر Windows Hello.,Verifikasi Windows Hello gagal.,
OperationsCenter_SummaryFormat,Operations summary line with job metrics,総ジョブ={0}  成功={1}  失敗={2}  実行中={3}  平均時間(ms)={4:0.0},Total Jobs={0}  Succeeded={1}  Failed={2}  Running={3}  Avg Time(ms)={4:0.0},总任务={0}  成功={1}  失败={2}  运行中={3}  平均时间(ms)={4:0.0},總工作={0}  成功={1}  失敗={2}  執行中={3}  平均時間(ms)={4:0.0},총 작업={0}  성공={1}  실패={2}  실행 중={3}  평균 시간(ms)={4:0.0},Total de trabajos={0}  Éxitos={1}  Fallos={2}  En ejecución={3}  Tiempo prom.(ms)={4:0.0},إجمالي المهام={0}  الناجحة={1}  الفاشلة={2}  قيد التشغيل={3}  متوسط الوقت(مللي ثانية)={4:0.0},Total Job={0}  Berhasil={1}  Gagal={2}  Berjalan={3}  Rata-rata waktu(ms)={4:0.0},
StructuredLog_AllFilter,Filter value for all items,すべて,All,全部,全部,전체,Todos,الكل,Semua,
StructuredLog_LoadFailedFormat,Error when log loading fails,読み込み失敗: {0},Load failed: {0},加载失败: {0},載入失敗：{0},로드 실패: {0},Error al cargar: {0},فشل التحميل: {0},Gagal memuat: {0},
StructuredLog_ClearFailedFormat,Error when log clear fails,削除失敗: {0},Clear failed: {0},清除失败: {0},清除失敗：{0},삭제 실패: {0},Error al borrar: {0},فشل المسح: {0},Gagal menghapus: {0},
StructuredLog_StatusFormat,Status text showing visible and total logs,表示 {0} / 全 {1} 件,Showing {0} / Total {1},显示 {0} / 共 {1} 条,顯示 {0} / 共 {1} 筆,표시 {0} / 전체 {1}건,Mostrando {0} / Total {1},عرض {0} / الإجمالي {1},Menampilkan {0} / Total {1},
ServerItem_CurrentBuildUnpinned,Current build text when not pinned,build: 未固定,build: not pinned,build: 未固定,build: 未固定,build: 고정 안 됨,build: no fijado,build: غير مثبت,build: belum dikunci,
ServerItem_CurrentBuildPinnedFormat,Current build text with selected build id,build: {0},build: {0},build: {0},build: {0},build: {0},build: {0},build: {0},build: {0},
ServerItem_UpdateTargetBuildFormat,Update target text for latest build,build {0},build {0},build {0},build {0},build {0},build {0},build {0},build {0},
ServerItem_UpdateMessageLatestVersionFormat,Update message for latest version,最新バージョン: {0},Latest version: {0},最新版本: {0},最新版本：{0},최신 버전: {0},Última versión: {0},أحدث إصدار: {0},Versi terbaru: {0},
ServerItem_UpdateMessageLatestBuildFormat,Update message for latest build,最新ビルド: {0},Latest build: {0},最新构建: {0},最新建置：{0},최신 빌드: {0},Último build: {0},أحدث بنية: {0},Build terbaru: {0},
ServerItem_DownloadStatusCheckingServerFile,Download status while checking server file,サーバーファイルを確認中...,Checking server file...,正在检查服务器文件...,正在檢查伺服器檔案...,서버 파일 확인 중...,Comprobando archivo del servidor...,جارٍ التحقق من ملف الخادم...,Memeriksa file server...,
ServerItem_LoadVersionsFailedFormat,Error when loading versions fails,バージョン一覧の取得に失敗しました: {0},Failed to get version list: {0},获取版本列表失败: {0},取得版本清單失敗：{0},버전 목록을 가져오지 못했습니다: {0},Error al obtener la lista de versiones: {0},فشل في الحصول على قائمة الإصدارات: {0},Gagal mengambil daftar versi: {0},
ServerItem_CheckingJavaInstallation,Console text while checking Java installation,Java のインストール状況を確認しています...,Checking Java installation...,正在检查 Java 安装状态...,正在檢查 Java 安裝狀態...,Java 설치 상태를 확인 중입니다...,Comprobando instalación de Java...,جارٍ التحقق من تثبيت Java...,Memeriksa instalasi Java...,
ServerItem_LogStartSequenceBegin,Structured log text for start sequence begin,サーバー起動シーケンスを開始しました。,Server startup sequence started.,已开始服务器启动序列。,已開始伺服器啟動序列。,서버 시작 시퀀스를 시작했습니다.,Se inició la secuencia de arranque del servidor.,تم بدء تسلسل تشغيل الخادم.,Urutan startup server dimulai.,
ServerItem_JavaPathFormat,Console text with resolved Java path,Java パス: {0},Java path: {0},Java 路径: {0},Java 路徑：{0},Java 경로: {0},Ruta de Java: {0},مسار Java: {0},Path Java: {0},
ServerItem_CheckingServerFile,Console text while checking server file,サーバーファイルを確認しています...,Checking server file...,正在检查服务器文件...,正在檢查伺服器檔案...,서버 파일을 확인 중입니다...,Comprobando archivo del servidor...,جارٍ التحقق من ملف الخادم...,Memeriksa file server...,
ServerItem_StartingServerFormat,Console text when starting server process,サーバーを起動しています: {0},Starting server: {0},正在启动服务器: {0},正在啟動伺服器：{0},서버 시작 중: {0},Iniciando servidor: {0},جارٍ بدء الخادم: {0},Memulai server: {0},
ServerItem_LogStartFailed,Structured log text for start failure,サーバー起動に失敗しました。,Server startup failed.,服务器启动失败。,伺服器啟動失敗。,서버 시작에 실패했습니다.,Falló el inicio del servidor.,فشل بدء تشغيل الخادم.,Gagal memulai server.,
ServerItem_StartErrorFormat,Console text for startup error,起動エラー: {0},Startup error: {0},启动错误: {0},啟動錯誤：{0},시작 오류: {0},Error de inicio: {0},خطأ في التشغيل: {0},Kesalahan startup: {0},
ServerItem_LogStopRequested,Structured log text for stop request,サーバー停止を要求しました。,Server stop was requested.,已请求停止服务器。,已要求停止伺服器。,서버 중지를 요청했습니다.,Se solicitó detener el servidor.,تم طلب إيقاف الخادم.,Permintaan stop server dikirim.,
ServerItem_StoppingServer,Console text when stopping server,サーバーを停止しています...,Stopping server...,正在停止服务器...,正在停止伺服器...,서버를 중지하는 중...,Deteniendo servidor...,جارٍ إيقاف الخادم...,Menghentikan server...,
ServerItem_SendCommandFailedFormat,Console text when command sending fails,コマンド送信失敗: {0},Failed to send command: {0},命令发送失败: {0},命令傳送失敗：{0},명령 전송 실패: {0},Error al enviar comando: {0},فشل إرسال الأمر: {0},Gagal mengirim perintah: {0},
ServerItem_ServerProcessExited,Console text when server process exits,サーバープロセスが終了しました。,Server process has exited.,服务器进程已结束。,伺服器程序已結束。,서버 프로세스가 종료되었습니다.,El proceso del servidor finalizó.,انتهت عملية الخادم.,Proses server telah berhenti.,
ServerItem_AutoRestartSkippedWaitingEula,Console text when auto-restart is skipped due to EULA,EULA 同意待ちのため自動再起動は実行しません。,Auto-restart will not run while waiting for EULA agreement.,等待 EULA 同意期间不会执行自动重启。,等待 EULA 同意期間不會執行自動重啟。,EULA 동의 대기 중에는 자동 재시작을 실행하지 않습니다.,No se ejecutará el reinicio automático mientras se espera la aceptación del EULA.,لن يتم تنفيذ إعادة التشغيل التلقائي أثناء انتظار الموافقة على EULA.,Auto-restart tidak dijalankan saat menunggu persetujuan EULA.,
ServerItem_AutoRestartLimitReached,Console text when auto-restart limit reached,自動再起動の上限に達したため停止します。,Stopping because auto-restart limit was reached.,已达到自动重启上限，停止处理。,已達自動重啟上限，停止處理。,자동 재시작 한도에 도달하여 중지합니다.,Se detiene porque se alcanzó el límite de reinicios automáticos.,سيتم الإيقاف بسبب الوصول إلى حد إعادة التشغيل التلقائي.,Dihentikan karena batas auto-restart tercapai.,
ServerItem_LogAutoRestartScheduledFormat,Structured log text for scheduled auto-restart,自動再起動を予約しました: {0}/{1},Auto-restart scheduled: {0}/{1},已计划自动重启: {0}/{1},已排程自動重啟：{0}/{1},자동 재시작 예약됨: {0}/{1},Reinicio automático programado: {0}/{1},تمت جدولة إعادة التشغيل التلقائي: {0}/{1},Auto-restart dijadwalkan: {0}/{1},
ServerItem_AutoRestartScheduledFormat,Console text for delayed auto-restart,自動再起動を {0:0} 秒後に実行します ({1}/{2})。,Auto-restart will run in {0:0} seconds ({1}/{2}).,将在 {0:0} 秒后执行自动重启（{1}/{2}）。,將在 {0:0} 秒後執行自動重啟（{1}/{2}）。,{0:0}초 후 자동 재시작을 실행합니다 ({1}/{2}).,El reinicio automático se ejecutará en {0:0} segundos ({1}/{2}).,سيتم تنفيذ إعادة التشغيل التلقائي بعد {0:0} ثانية ({1}/{2}).,Auto-restart akan dijalankan dalam {0:0} detik ({1}/{2}).,
ServerItem_DownloadStatusCreatingBackup,Download status while creating backup,バックアップ作成中...,Creating backup...,正在创建备份...,正在建立備份...,백업 생성 중...,Creando copia de seguridad...,جارٍ إنشاء نسخة احتياطية...,Membuat cadangan...,
ServerItem_DownloadStatusDownloading,Download status while downloading,ダウンロード中...,Downloading...,下载中...,下載中...,다운로드 중...,Descargando...,جارٍ التنزيل...,Mengunduh...,
ServerItem_DownloadStatusVerifyingIntegrity,Download status while verifying integrity,整合性確認中...,Verifying integrity...,正在验证完整性...,正在驗證完整性...,무결성 확인 중...,Verificando integridad...,جارٍ التحقق من السلامة...,Memverifikasi integritas...,
Xaml_Main_ServerManager,Main page side panel title,Server Manager,Server Manager,服务器管理器,伺服器管理器,서버 관리자,Administrador de servidores,مدير الخادم,Manajer server,
Xaml_Main_CreateNew,Main page create button text,新規作成,Create New,新建,新建,새로 만들기,Crear nuevo,إنشاء جديد,Buat baru,
Xaml_Main_Name,Main page server name label,名前,Name,名称,名稱,이름,Nombre,الاسم,Nama,
Xaml_Main_Type,Main page server type label,タイプ,Type,类型,類型,유형,Tipo,النوع,Tipe,
Xaml_Main_Version,Main page server version label,バージョン,Version,版本,版本,버전,Versión,الإصدار,Versi,
Xaml_Main_Loading,Main page loading versions text, 取得中..., Loading..., 加载中..., 載入中..., 불러오는 중..., Cargando..., جارٍ التحميل..., Memuat...,
Xaml_Main_MemoryMb,Main page memory label,メモリ (MB),Memory (MB),内存 (MB),記憶體 (MB),메모리 (MB),Memoria (MB),الذاكرة (MB),Memori (MB),
Xaml_Main_Port,Main page port label,ポート,Port,端口,連接埠,포트,Puerto,المنفذ,Port,
Xaml_Main_Start,Main page start button text,起動,Start,启动,啟動,시작,Iniciar,تشغيل,Mulai,
Xaml_Main_Stop,Main page stop button text,停止,Stop,停止,停止,중지,Detener,إيقاف,Berhenti,
Xaml_Main_Folder,Main page folder tooltip,フォルダ,Folder,文件夹,資料夾,폴더,Carpeta,مجلد,Folder,
Xaml_Setting_JavaSettings,Setting page java settings heading,Java 設定,Java Settings,Java 设置,Java 設定,Java 설정,Ajustes de Java,إعدادات Java,Pengaturan Java,
Xaml_Setting_JavaDescription,Setting page java description text,Java のパスを手動で指定するとダウンロードをスキップします。 空白のままにすると Adoptium から自動ダウンロードを試みます。 すでに Java がインストールされている場合は、java.exe のフルパスを指定してください。,Set Java path manually to skip download. Leave blank to auto download from Adoptium. If Java is installed specify full path to java.exe.,手动指定 Java 路径可跳过下载。留空将自动下载。若已安装请指定 java.exe 完整路径。,手動指定 Java 路徑可略過下載。留空將自動下載。若已安裝請指定 java.exe 完整路徑。,Java 경로를 수동 지정하면 다운로드를 건너뜁니다. 비워두면 자동 다운로드를 시도합니다. 설치되어 있으면 java.exe 전체 경로를 지정하세요.,Si defines la ruta de Java manualmente se omite la descarga. Si está vacío se intenta descarga automática. Si ya está instalado especifica la ruta completa a java.exe.,حدد مسار Java يدويًا لتخطي التنزيل. إذا كان فارغًا فسيتم التنزيل التلقائي. إذا كان مثبتًا فحدد المسار الكامل لـ java.exe.,Atur path Java manual untuk lewati unduhan. Jika kosong akan unduh otomatis. Jika sudah terpasang tentukan path lengkap java.exe,
Xaml_Setting_JavaExecutable,Setting page java executable label,Java 実行ファイル (java.exe),Java Executable (java.exe),Java 可执行文件 (java.exe),Java 可執行檔 (java.exe),Java 실행 파일 (java.exe),Ejecutable Java (java.exe),ملف Java التنفيذي (java.exe),File eksekusi Java (java.exe),
Xaml_Setting_Browse,Setting page browse button text,参照...,Browse...,浏览...,瀏覽...,찾아보기...,Examinar...,استعراض...,Telusuri...,
Xaml_Setting_NetworkSettings,Setting page network heading,ネットワーク設定,Network Settings,网络设置,網路設定,네트워크 설정,Ajustes de red,إعدادات الشبكة,Pengaturan jaringan,
Xaml_Setting_EnablePortForwarding,Setting page enable port forwarding checkbox,ポート開放を有効にする (Windows ファイアウォール + UPnP),Enable port forwarding (Windows Firewall + UPnP),启用端口开放 (Windows 防火墙 + UPnP),啟用連接埠開放 (Windows 防火牆 + UPnP),포트 포워딩 사용 (Windows 방화벽 + UPnP),Habilitar apertura de puertos (Firewall de Windows + UPnP),تمكين فتح المنفذ (جدار حماية Windows + UPnP),Aktifkan port forwarding (Windows Firewall + UPnP),
Xaml_Setting_PortForwardingDescription,Setting page port forwarding description text,有効にするとサーバー起動時にファイアウォール規則追加と UPnP ポートマッピングを試みます。無効時は手動設定してください。,When enabled firewall rule and UPnP port mapping are attempted on server start. If disabled configure manually.,启用后启动时会尝试添加防火墙规则和 UPnP 端口映射。禁用时请手动设置。,啟用後啟動時會嘗試新增防火牆規則與 UPnP 連接埠對應。停用時請手動設定。,활성화 시 시작할 때 방화벽 규칙과 UPnP 포트 매핑을 시도합니다. 비활성화 시 수동 설정하세요.,Al habilitar se intenta regla de firewall y mapeo UPnP al iniciar. Si se deshabilita configura manualmente.,عند التمكين تتم محاولة إضافة قاعدة جدار الحماية وربط منفذ UPnP عند البدء. عند التعطيل قم بالإعداد اليدوي.,Saat diaktifkan saat mulai akan mencoba aturan firewall dan pemetaan port UPnP. Jika nonaktif atur manual.,
Xaml_Setting_OperationsStability,Setting page operations stability heading,運用安定化,Operations Stability,运维稳定化,營運穩定化,운영 안정화,Estabilidad operativa,استقرار التشغيل,Stabilitas operasi,
Xaml_Setting_ConsoleLineRetention,Console line retention label,コンソール保持行数 (200〜20000),Console line retention (200-20000),控制台保留行数 (200-20000),主控台保留行數 (200-20000),콘솔 유지 줄 수 (200-20000),Retención de líneas de consola (200-20000),عدد أسطر وحدة التحكم المحتفظ بها (200-20000),Retensi baris konsol (200-20000),
Xaml_Setting_EnableAutoRestart,Enable auto restart checkbox label,サーバー異常終了時に自動再起動する,Auto restart on unexpected server stop,服务器异常结束时自动重启,伺服器異常結束時自動重啟,서버 비정상 종료 시 자동 재시작,Reiniciar automáticamente al detenerse inesperadamente,إعادة التشغيل تلقائيًا عند توقف الخادم بشكل غير متوقع,Restart otomatis saat server berhenti tidak normal,
Xaml_Setting_MaxRetryCount,Max retry count label,最大再試行回数,Max retry count,最大重试次数,最大重試次數,최대 재시도 횟수,Máximo de reintentos,الحد الأقصى للمحاولات,Jumlah percobaan maksimum,
Xaml_Setting_RestartDelaySeconds,Restart delay seconds label,再起動待機秒数,Restart delay seconds,重启等待秒数,重啟等待秒數,재시작 대기 초,Segundos de espera para reinicio,ثواني انتظار إعادة التشغيل,Detik tunggu restart,
Xaml_Setting_StructuredLog,Structured log section heading,構造化ログ,Structured Log,结构化日志,結構化日誌,구조화 로그,Registro estructurado,السجل المنظّم,Log terstruktur,
Xaml_Setting_LogDirectory,Log directory label,ログディレクトリ,Log directory,日志目录,日誌目錄,로그 디렉터리,Directorio de logs,مجلد السجلات,Buka penampil log,
Xaml_Setting_KeepFileCount,Keep file count label,保持ファイル数,Retained file count,保留文件数,保留檔案數,보관 파일 수,Cantidad de archivos retenidos,عدد الملفات المحتفظ بها,Jumlah file tersimpan,
Xaml_Setting_MaxFileSizeMb,Max file size label,ファイル最大サイズ(MB),Max file size (MB),文件最大大小(MB),檔案最大大小(MB),파일 최대 크기(MB),Tamaño máximo de archivo (MB),الحد الأقصى لحجم الملف (MB),Ukuran file maksimum (MB),
Xaml_Setting_OpenLogViewer,Open log viewer button text,ログビューアを開く,Open log viewer,打开日志查看器,開啟日誌檢視器,로그 뷰어 열기,Abrir visor de logs,فتح عارض السجلات,Buka penampil log,
Xaml_Setting_BackupRestore,Backup and restore heading,バックアップ・復旧,Backup and Restore,备份与恢复,備份與復原,백업 및 복구,Copia de seguridad y restauración,النسخ الاحتياطي والاستعادة,Pencadangan dan pemulihan,
Xaml_Setting_EnableSafeUpdateBackup,Enable safe update backup checkbox,安全更新バックアップを有効にする,Enable safe update backup,启用安全更新备份,啟用安全更新備份,안전 업데이트 백업 사용,Habilitar copia de seguridad de التحديث الآمن,تمكين النسخ الاحتياطي للتحديث الآمن,Aktifkan cadangan pembaruan aman,
Xaml_Setting_BackupRetentionGenerations,Backup retention generations label,保持世代数 (1〜30),Backup retention generations (1-30),保留代数 (1-30),保留代數 (1-30),보관 세대 수 (1-30),Generaciones de retención (1-30),عدد أجيال الاحتفاظ (1-30),Generasi retensi (1-30),
Xaml_Setting_AuthorizationPolicy,Authorization policy heading,認証・認可・ポリシー運用,Authentication Authorization and Policy,认证授权与策略运维,驗證授權與政策營運,인증 권한 정책 운영,Autenticación autorización y política,المصادقة والتفويض والسياسة,Otentikasi otorisasi dan kebijakan,
Xaml_Setting_OperatorRole,Operator role label,オペレーターロール,Operator role,操作员角色,操作員角色,운영자 역할,Rol de operador,دور المشغل,Peran operator,
Xaml_Setting_RequireAuthOnRoleElevation,Require auth on role elevation checkbox,ロール昇格時に認証を必須化する,Require authentication on role elevation,角色提升时需要认证,角色提升時需要驗證,역할 상승 시 인증 필수,Requerir autenticación al elevar rol,يتطلب المصادقة عند رفع الدور,Wajib autentikasi saat peningkatan peran,
Xaml_Setting_PreferWindowsHello,Prefer Windows Hello checkbox,ロール昇格時にWindows Helloを優先する,Prefer Windows Hello on role elevation,角色提升时优先 Windows Hello,角色提升時優先 Windows Hello,역할 상승 시 Windows Hello 우선,Preferir Windows Hello al elevar rol,تفضيل Windows Hello عند رفع الدور,Utamakan Windows Hello saat peningkatan peran,
Xaml_Setting_CurrentPin,Current pin label,現在PIN,Current PIN,当前PIN,目前PIN,현재 PIN,PIN actual,رمز PIN الحالي,PIN saat ini,
Xaml_Setting_NewPin,New pin label,新しいPIN,New PIN,新PIN,新PIN,새 PIN,Nuevo PIN,رمز PIN جديد,PIN baru,
Xaml_Setting_NewPinConfirm,New pin confirm label,新しいPIN(確認),New PIN Confirm,新PIN(确认),新PIN(確認),새 PIN(확인),Confirmar nuevo PIN,تأكيد PIN الجديد,Konfirmasi PIN baru,
Xaml_Setting_EnableMaintenanceMode,Enable maintenance mode checkbox,メンテナンスモードを有効にする,Enable maintenance mode,启用维护模式,啟用維護模式,유지보수 모드 사용,Habilitar modo mantenimiento,تمكين وضع الصيانة,Aktifkan mode pemeliharaan,
Xaml_Setting_LockedTargetServer,Locked target server label,ロック対象サーバー,Locked target server,锁定目标服务器,鎖定目標伺服器,잠금 대상 서버,Servidor objetivo bloqueado,الخادم المستهدف المقفل,Server target terkunci,
Xaml_Setting_ClearSelection,Clear selection button text,選択を解除,Clear selection,清除选择,清除選擇,선택 해제,Borrar selección,مسح التحديد,Hapus pilihan,
Xaml_Setting_AuditAndOperations,Audit and operations heading,監査ログ・変更履歴・運用,Audit Change History and Operations,审计日志 变更历史 与 运维,稽核記錄 變更歷程 與 營運,감사 로그 변경 이력 운영,Auditoría historial y operaciones,سجل التدقيق والتغييرات والعمليات,Audit riwayat perubahan dan operasi,
Xaml_Setting_OpenAuditLog,Open audit log button text,監査ログ / 変更履歴を開く,Open audit log and history,打开审计日志和历史,開啟稽核記錄與歷程,감사 로그와 이력 열기,Abrir auditoría e historial,فتح سجل التدقيق والسجل,Buka log audit dan riwayat,
Xaml_Setting_OpenOperationsDashboard,Open operations dashboard button text,運用ダッシュボードを開く,Open operations dashboard,打开运维仪表板,開啟營運儀表板,운영 대시보드 열기,Abrir panel de operaciones,فتح لوحة العمليات,Buka dasbor operasi,
Xaml_Setting_AutoSaveNotice,Auto save notice text,変更は自動保存されます,Changes are saved automatically,更改会自动保存,變更會自動儲存,변경 사항은 자동 저장됩니다,Los cambios se guardan automáticamente,يتم حفظ التغييرات تلقائيًا,Perubahan disimpan otomatis,
Xaml_Setting_Clear,Clear button text,クリア,Clear,清除,清除,지우기,Limpiar,مسح,Hapus,
JavaResolver_UseConfiguredJavaPath,Log when configured Java path is used,設定済みJavaパスを使用します。,Using configured Java path.,使用已配置的 Java 路径。,使用已設定的 Java 路徑。,설정된 Java 경로를 사용합니다.,Se usa la ruta de Java configurada.,يتم استخدام مسار Java المُعَدّ.,Menggunakan path Java yang dikonfigurasi.,
JavaResolver_ConfiguredJavaNotFoundFormat,Error when configured Java path was not found,設定で指定された Java が見つかりません: {0},Configured Java was not found: {0},未找到设置中指定的 Java: {0},找不到設定中指定的 Java：{0},설정에서 지정한 Java를 찾을 수 없습니다: {0},No se encontró el Java configurado: {0},لم يتم العثور على Java المحدد في الإعدادات: {0},Java yang dikonfigurasi tidak ditemukan: {0},
JavaResolver_UseEmbeddedJre,Log when embedded JRE is used,既存の内蔵JREを使用します。,Using existing embedded JRE.,使用现有内置 JRE。,使用現有內建 JRE。,기존 내장 JRE를 사용합니다.,Usando JRE integrado existente.,استخدام JRE المضمن الحالي.,Menggunakan JRE bawaan yang ada.,
JavaResolver_UseEmbeddedJreSearchResult,Log when found embedded JRE is used,内蔵JRE探索結果を使用します。,Using discovered embedded JRE.,使用检出的内置 JRE。,使用搜尋到的內建 JRE。,검색된 내장 JRE를 사용합니다.,Usando JRE integrado encontrado.,استخدام JRE المضمن المكتشف.,Menggunakan JRE bawaan hasil pencarian.,
JavaResolver_JavaExeNotFoundAfterExtract,Error when java.exe is missing after extraction,展開後に java.exe が見つかりませんでした。設定画面からパスを手動指定してください。,java.exe was not found after extraction. Set path manually from settings.,解压后未找到 java.exe。请在设置中手动指定路径。,解壓後找不到 java.exe。請在設定中手動指定路徑。,압축 해제 후 java.exe를 찾을 수 없습니다. 설정에서 경로를 수동 지정하세요.,No se encontró java.exe tras extraer. Define la ruta manualmente en configuración.,لم يتم العثور على java.exe بعد الاستخراج. حدد المسار يدويًا من الإعدادات.,java.exe tidak ditemukan setelah ekstraksi. Atur path manual dari pengaturan.,
JavaResolver_DownloadAndExtractCompleted,Log when Java download and extraction completed,Javaの自動ダウンロードと展開が完了しました。,Java auto-download and extraction completed.,Java 自动下载和解压已完成。,Java 自動下載與解壓縮完成。,Java 자동 다운로드 및 압축 해제가 완료되었습니다.,Se completó la descarga y extracción automática de Java.,اكتمل تنزيل Java التلقائي وفك الضغط.,Unduhan otomatis dan ekstraksi Java selesai.,
JarIntegrity_Sha256VerifyFailedFormat,Error when SHA256 integrity verification fails,{0} のSHA256整合性検証に失敗しました。,SHA256 integrity verification failed for {0}.,{0} 的 SHA256 完整性验证失败。, {0} 的 SHA256 完全性驗證失敗。,{0}의 SHA256 무결성 검증에 실패했습니다.,Falló la verificación SHA256 de {0}.,فشل التحقق من سلامة SHA256 لـ {0}.,Verifikasi integritas SHA256 gagal untuk {0}.,
JarIntegrity_Sha1VerifyFailedFormat,Error when SHA1 integrity verification fails,{0} のSHA1整合性検証に失敗しました。,SHA1 integrity verification failed for {0}.,{0} 的 SHA1 完整性验证失败。, {0} 的 SHA1 完整性驗證失敗。,{0}의 SHA1 무결성 검증에 실패했습니다.,Falló la verificación SHA1 de {0}.,فشل التحقق من سلامة SHA1 لـ {0}.,Verifikasi integritas SHA1 gagal untuk {0}.,
JarIntegrity_ContentHashVerifyFailedFormat,Error when content hash verification fails,{0} のコンテンツハッシュ検証に失敗しました。,Content hash verification failed for {0}.,{0} 的内容哈希验证失败。, {0} 的內容雜湊驗證失敗。,{0}의 콘텐츠 해시 검증에 실패했습니다.,Falló la verificación de hash de contenido de {0}.,فشل التحقق من تجزئة المحتوى لـ {0}.,Verifikasi hash konten gagal untuk {0},
Xaml_ModManager_Title,Window title for mod manager,MOD管理,Mod Manager,模组管理,模組管理,모드 관리,Gestor de mods,إدارة المودات,Manajer mod,
Xaml_ModManager_ServerRunningNotice,Notice shown when server is running,サーバー稼働中 — 変更はサーバー再起動後に反映されます,Server is running — changes apply after server restart.,服务器正在运行——更改将在服务器重启后生效。,伺服器執行中——變更會在伺服器重新啟動後生效。,서버 실행 중 — 변경 사항은 서버 재시작 후 적용됩니다.,Servidor en ejecución — los cambios se aplican tras reiniciar.,الخادم قيد التشغيل — سيتم تطبيق التغييرات بعد إعادة التشغيل.,Server sedang berjalan — perubahan berlaku setelah restart.,
Xaml_ModManager_Install,Install button label in mod manager,インストール,Install,安装,安裝,설치,Instalar,تثبيت,Pasang,
Xaml_ModManager_OpenFolder,Open folder button label in mod manager,フォルダを開く,Open Folder,打开文件夹,開啟資料夾,폴더 열기,Abrir carpeta,فتح المجلد,Buka folder,
Xaml_ModManager_NoMods,Empty state title for mod list,MODがありません,No mods found,没有模组,沒有模組,모드가 없습니다,No hay mods,لا توجد مودات,Tidak ada mod,
Xaml_ModManager_DropOrInstallHint,Hint for drag and drop or install button,JARファイルをここにドラッグ & ドロップするかインストールボタンを押してください,Drag and drop JAR files here or use the Install button.,将 JAR 文件拖放到此处或使用安装按钮。,將 JAR 檔拖放到此處或使用安裝按鈕。,JAR 파일을 여기에 끌어다 놓거나 설치 버튼을 누르세요.,Arrastra JAR aquí o usa el botón Instalar.,اسحب ملفات JAR هنا أو استخدم زر التثبيت.,Seret file JAR ke sini atau gunakan tombol Pasang.,
Xaml_ModManager_DropToInstall,Overlay text for drag and drop install,ここにドロップしてインストール,Drop here to install,拖放到此处安装,拖放到此處安裝,여기에 놓아 설치,Soltar aquí para instalar,أسقط هنا للتثبيت,Jatuhkan di sini untuk pemasang,
Xaml_ModManager_Uninstall,Uninstall button label in mod manager,アンインストール,Uninstall,卸载,解除安裝,제거,Desinstalar,إلغاء التثبيت,Copot,
ModManager_StatusModCountFormat,Mod manager status with mod count,{0} MOD,{0} mods,{0} 个模组,{0} 個模組,{0}개 모드,{0} mods,{0} مود,{0} mod,
ModManager_SelectJarTitle,File dialog title to select mod jar,MOD JAR を選択,Select mod JAR,选择模组 JAR,選擇模組 JAR,모드 JAR 선택,Seleccionar JAR del mod,اختر ملف JAR للمود,Pilih JAR mod,
ModManager_SelectJarFilter,File dialog filter for mod jar,JAR ファイル (*.jar)|*.jar,JAR Files (*.jar)|*.jar,JAR 文件 (*.jar)|*.jar,JAR 檔案 (*.jar)|*.jar,JAR 파일 (*.jar)|*.jar,Archivos JAR (*.jar)|*.jar,ملفات JAR (*.jar)|*.jar,File JAR (*.jar)|*.jar,
ModManager_InstallFailedFormat,Error message when mod install fails,{0} のインストールに失敗: {1},Failed to install {0}: {1},{0} 安装失败: {1},{0} 安裝失敗：{1},{0} 설치 실패: {1},Error al instalar {0}: {1},فشل تثبيت {0}: {1},Gagal memasang {0}: {1},
ModManager_InstallCompletedFormat,Status when mod installation is completed,{0} 個インストール完了 — 合計 {1} MOD,{0} installed — total {1} mods,已安装 {0} 个——共 {1} 个模组,已安裝 {0} 個——共 {1} 個模組,{0}개 설치 완료 — 총 {1}개 모드,{0} instalados — total {1} mods,تم تثبيت {0} — الإجمالي {1} مود,{0} terpasang — total {1} mod,
ModManager_UninstallConfirmFormat,Confirmation message for mod uninstall,「{0}」を削除しますか？,Delete {0}?,要删除 {0} 吗？,要刪除 {0} 嗎？,{0}를 삭제할까요?,¿Eliminar {0}?,هل تريد حذف {0}؟,Hapus {0}?,
ModManager_UninstallFailedFormat,Error message when mod uninstall fails,削除に失敗: {0},Failed to delete: {0},删除失败: {0},刪除失敗：{0},삭제 실패: {0},Error al eliminar: {0},فشل الحذف: {0},Gagal menghapus: {0},
Auth_Error_MaintenanceMode,Error message when operating in maintenance mode,メンテナンスモードのため操作できません。,Cannot operate because of maintenance mode.,处于维护模式，无法操作。,維護模式中，無法操作。,유지보수 모드이므로 조작할 수 없습니다.,No se puede operar debido al modo de mantenimiento.,لا يمكن التشغيل بسبب وضع الصيانة.,Tidak dapat mengoperasikan karena mode pemeliharaan.,
Auth_Error_ServerLocked,Error message when target server is locked by policy,ポリシーにより対象サーバーはロックされています。,The target server is locked by policy.,目标服务器被策略锁定。,目標伺服器被原則鎖定。,정책에 의해 대상 서버가 잠겨 있습니다.,El servidor de destino está bloqueado por política.,تم قفل الخادم المستهدف بواسطة السياسة.,Server target dikunci oleh kebijakan.,
Auth_Error_RoleInsufficientFormat,Error message when permissions are insufficient,権限不足です。必要ロール: {0},Insufficient permissions. Required role: {0},权限不足。所需角色: {0},權限不足。所需角色: {0},권한이 부족합니다. 필요 역할: {0},Permisos insuficientes. Rol requerido: {0},صلاحيات غير كافية. الدور المطلوب: {0},Izin tidak cukup. Peran yang dibutuhkan: {0},
JarIntegrity_UnsupportedServerTypeFormat,Error message for unsupported server type,未対応のサーバータイプです: {0},Unsupported server type: {0},不支持的服务器类型: {0},不支援的伺服器類型: {0},지원되지 않는 서버 유형입니다: {0},Tipo de servidor no soportado: {0},نوع خادم غير مدعوم: {0},Tipe server tidak didukung: {0},
JarIntegrity_OnlyHttpsAllowed,Error message when download URL is not HTTPS,HTTPS 以外のダウンロードURLは許可されていません。,Download URLs other than HTTPS are not allowed.,不允许使用除 HTTPS 以外的下载 URL。,不允許使用 HTTPS 以外的下載 URL。,HTTPS 이외의 다운로드 URL은 허용되지 않습니다.,No se permiten URLs de descarga que no sean HTTPS.,عناوين URL للتنزيل بخلاف HTTPS غير مسموح بها.,URL unduhan selain HTTPS tidak diizinkan.,
JarIntegrity_UnauthorizedHostFormat,Error message for unauthorized download host,許可されていないダウンロードホストです: {0},Unauthorized download host: {0},未经授权的下载主机: {0},未經授權的下載主機: {0},허가되지 않은 다운로드 호스트입니다: {0},Host de descarga no autorizado: {0},مضيف تنزيل غير مصرح به: {0},Host unduhan tidak sah: {0},
JarIntegrity_VanillaMetadataNotFoundFormat,Error message when Vanilla metadata is not found,Vanilla バージョン {0} の検証メタデータが見つかりません。,Validation metadata for Vanilla version {0} not found.,未找到 Vanilla 版本 {0} 的验证元数据。,找不到 Vanilla 版本 {0} 的驗證元數據。,Vanilla 버전 {0}의 검증 메타데이터를 찾을 수 없습니다.,Metadatos de validación para la versión Vanilla {0} no encontrados.,بيانات التحقق غير موجودة لإصدار الفانيليا {0}.,Metadata validasi untuk Vanilla versi {0} tidak ditemukan.,
JarIntegrity_VanillaSha1NotFound,Error message when Vanilla SHA1 info cannot be retrieved,Vanilla JAR のSHA1情報が取得できませんでした。,Failed to retrieve SHA1 information for Vanilla JAR.,无法获取 Vanilla JAR 的 SHA1 信息。,無法取得 Vanilla JAR 的 SHA1 資訊。,Vanilla JAR의 SHA1 정보를 가져올 수 없습니다.,No se pudo obtener la información SHA1 para el JAR de Vanilla.,فشل في استرداد معلومات SHA1 لـ Vanilla JAR.,Gagal mengambil informasi SHA1 untuk Vanilla JAR.,
JarIntegrity_VanillaIntegrityFailed,Error message when Vanilla JAR integrity verification fails,Vanilla JAR の整合性検証に失敗しました。,Integrity verification of Vanilla JAR failed.,Vanilla JAR 完整性验证失败。,Vanilla JAR 完整性驗證失敗。,Vanilla JAR의 무결성 검증에 실패했습니다.,Fallo en la verificación de integridad del JAR de Vanilla.,فشل التحقق من تكامل Vanilla JAR.,Verifikasi integritas Vanilla JAR gagal.,
JarIntegrity_PaperBuildNumberParseFailed,Error message when parsing Paper build number fails,Paper ビルド番号の解析に失敗しました。,Failed to parse Paper build number.,解析 Paper 构建编号失败。,解析 Paper 建置編號失敗。,Paper 빌드 번호 파싱에 실패했습니다.,No se pudo analizar el número de compilación de Paper.,فشل في تحليل رقم الإصدار لـ Paper.,Gagal mengurai nomor build Paper.,
JarIntegrity_PaperSha256NotFound,Error message when Paper SHA256 info cannot be retrieved,Paper JAR のSHA256情報が取得できませんでした。,Failed to retrieve SHA256 information for Paper JAR.,无法获取 Paper JAR 的 SHA256 信息。,無法取得 Paper JAR 的 SHA256 資訊。,Paper JAR의 SHA256 정보를 가져올 수 없습니다.,No se pudo obtener la información SHA256 para el JAR de Paper.,فشل في استرداد معلومات SHA256 لـ Paper JAR.,Gagal mengambil informasi SHA256 untuk Paper JAR.,
JarIntegrity_PaperIntegrityFailed,Error message when Paper JAR integrity verification fails,Paper JAR の整合性検証に失敗しました。,Integrity verification of Paper JAR failed.,Paper JAR 完整性验证失败。,Paper JAR 完整性驗證失敗。,Paper JAR의 무결성 검증에 실패했습니다.,Fallo en la verificación de integridad del JAR de Paper.,فشل التحقق من تكامل Paper JAR.,Verifikasi integritas Paper JAR gagal.,
Xaml_Eula_Title,Window title for EULA,EULA 同意,EULA Agreement,EULA 同意,EULA 同意,EULA 동의,Acuerdo de EULA,موافقة EULA,Persetujuan EULA,
Xaml_Eula_Message,Message for EULA agreement,Minecraft サーバーを利用するには、Minecraft EULA と Microsoft プライバシー ステートメントに同意する必要があります。,To use the Minecraft Server, you must agree to the Minecraft EULA and Microsoft Privacy Statement.,使用 Minecraft 服务器前，必须同意 Minecraft EULA 和 Microsoft 隐私声明。,使用 Minecraft 伺服器前，必須同意 Minecraft EULA 和 Microsoft 隱私權聲明。,Minecraft 서버를 이용하려면, Minecraft EULA 및 Microsoft 개인정보처리방침에 동의해야 합니다.,Para usar el servidor de Minecraft, debes aceptar el EULA de Minecraft y la Declaración de Privacidad de Microsoft.,لاستخدام خادم Minecraft، يجب أن توافق على Minecraft EULA وبيان خصوصية Microsoft.,Untuk menggunakan Server Minecraft, Anda harus menyetujui EULA Minecraft dan Pernyataan Privasi Microsoft.,
Xaml_Eula_MinecraftEula,Button to read Minecraft EULA,Minecraft EULAを読む,Read Minecraft EULA,阅读 Minecraft EULA,閱讀 Minecraft EULA,Minecraft EULA 읽기,Leer EULA de Minecraft,قراءة Minecraft EULA,Baca EULA Minecraft,
Xaml_Eula_PrivacyStatement,Button to read Microsoft Privacy Statement,Microsoft プライバシー ステートメントを読む,Read Microsoft Privacy Statement,阅读 Microsoft 隐私声明,閱讀 Microsoft 隱私權聲明,Microsoft 개인정보처리방침 읽기,Leer Declaración de Privacidad de Microsoft,قراءة بيان خصوصية Microsoft,Baca Pernyataan Privasi Microsoft,
Xaml_Eula_Agree,Agree button label,同意する,Agree,同意,同意,동의,Aceptar,أوافق,Setuju,
Xaml_Eula_Decline,Decline button label,同意しない,Decline,不同意,不同意,동의하지 않음,Rechazar,أرفض,Tolak,
Xaml_Main_OpenScheduler,Main page scheduler button tooltip,スケジューラー,Scheduler,调度程序,排程器,스케줄러,Programador,المجدول,Penjadwal,
Xaml_Scheduler_Title,Window title for Task Scheduler,タスクスケジューラー,Task Scheduler,任务调度器,工作排程器,작업 스케줄러,Programador de tareas,مجدول المهام,Penjadwal Tugas,
Xaml_Scheduler_Add,Add task button,タスク追加,Add Task,添加任务,新增工作,작업 추가,Agregar tarea,إضافة مهمة,Tambah Tugas,
Xaml_Scheduler_Delete,Delete task button,タスク削除,Delete Task,删除任务,刪除工作,작업 삭제,Eliminar tarea,حذف المهمة,Hapus Tugas,
Xaml_Scheduler_Name,Task name column,タスク名,Task Name,任务名,工作名稱,작업 이름,Nombre de tarea,اسم المهمة,Nama Tugas,
Xaml_Scheduler_Enabled,Task enabled status,有効,Enabled,启用,啟用,활성화,Habilitado,مُمكّن,Aktif,
Xaml_Scheduler_Mode,Schedule mode column,実行モード,Run Mode,运行模式,執行模式,실행 모드,Modo de ejecución,وضع التشغيل,Mode Jalankan,
Xaml_Scheduler_ModeInterval,Interval mode,一定間隔,Interval,固定间隔,固定間隔,일정 간격,Intervalo,فاصل زمني,Interval,
Xaml_Scheduler_ModeDaily,Daily mode,毎日,Daily,每天,每天,매일,Diario,يوميًا,Harian,
Xaml_Scheduler_ModeWeekly,Weekly mode,毎週,Weekly,每周,每週,매주,Semanal,أسبوعيًا,Mingguan,
Xaml_Scheduler_ModeSpecific,Specific date mode,指定日時,Specific Date,指定日期,指定日期,지정 일시,Fecha específica,تاريخ محدد,Tanggal Spesifik,
Xaml_Scheduler_IntervalSeconds,Interval seconds config,間隔 (秒),Interval (Sec),间隔(秒),間隔(秒),간격(초),Intervalo (seg),الفاصل الزمني (ثانية),Interval (detik),
Xaml_Scheduler_TimeOfDay,Time of day config,実行時刻 (HH:mm),Time (HH:mm),执行时间(HH:mm),執行時間(HH:mm),실행 시각(HH:mm),Hora (HH:mm),الوقت (HH:mm),Waktu (HH:mm),
Xaml_Scheduler_DayOfWeek,Day of week config,曜日,Day of Week,星期,星期,요일,Día de la semana,يوم الأسبوع,Hari,
Xaml_Scheduler_SpecificDate,Specific date config,指定日,Specific Date,指定日期,指定日期,지정일,Fecha,تاريخ,Tanggal,
Xaml_Scheduler_FilePath,File path setting,実行ファイルパス (.bat / .ps1 / .ps2),File Path,文件路径,檔案路徑,파일 경로,Ruta del archivo,مسار الملف,Jalur File,
Xaml_Scheduler_Arguments,Arguments setting,引数,Arguments,参数,引數,인수,Argumentos,الوسيطات,Argumen,
Xaml_Scheduler_TargetType,Target type,対象サーバー,Target Servers,目标服务器,目標伺服器,대상 서버,Servidores objetivo,الخوادم المستهدفة,Server Target,
Xaml_Scheduler_TargetAll,Target all servers,全てのサーバー,All Servers,所有服务器,所有伺服器,모든 서버,Todos los servidores,جميع الخوادم,Semua Server,
Xaml_Scheduler_TargetSpecific,Target specific servers,指定したサーバーのみ,Specific Servers,指定服务器,指定伺服器,지정한 서버만,Servidores específicos,خوادم محددة,Server Spesifik,
Job_Scheduler_TaskRun,Name for scheduler run job,スケジューラー経由で実行: {0},Run via Scheduler: {0},通过调度器运行：{0},透過排程器執行：{0},스케줄러를 통한 실행: {0},Ejecutar a través del programador: {0},تشغيل عبر المجدول: {0},Jalankan via Penjadwal: {0},
Log_Scheduler_TaskStarted,Log when scheduler task starts,スケジューラータスク「{0}」を開始しました。,Scheduler task '{0}' started.,已开始调度器任务“{0}”。,已開始排程器工作「{0}」。,스케줄러 작업 '{0}'이(가) 시작되었습니다.,Tarea programada '{0}' iniciada.,بدأت مهمة المجدول '{0}'.,Tugas penjadwal '{0}' dimulai.,
Log_Scheduler_TaskCompleted,Log when scheduler task completes,スケジューラータスク「{0}」が完了しました。,Scheduler task '{0}' completed.,调度器任务“{0}”已完成。,排程器工作「{0}」已完成。,스케줄러 작업 '{0}'이(가) 완료되었습니다.,Tarea programada '{0}' completada.,اكتملت مهمة المجدول '{0}'.,Tugas penjadwal '{0}' selesai.,
Job_Server_Create,Name for create server job,サーバー作成: {0},Create Server: {0},创建服务器：{0},建立伺服器：{0},서버 생성: {0},Crear Servidor: {0},إنشاء خادم: {0},Buat Server: {0},
Job_Server_Delete,Name for delete server job,サーバー削除: {0},Delete Server: {0},删除服务器：{0},刪除伺服器：{0},서버 삭제: {0},Eliminar Servidor: {0},حذف خادم: {0},Hapus Server: {0},
Job_Plugin_Install,Name for install plugin job,プラグイン追加: {0},Install Plugins: {0},安装插件：{0},安裝外掛：{0},플러그인 추가: {0},Instalar Plugins: {0},تثبيت الإضافات: {0},Instal Plugin: {0},
Job_Plugin_Uninstall,Name for uninstall plugin job,プラグイン削除: {0},Uninstall Plugin: {0},卸载插件：{0},解除安裝外掛：{0},플러그인 삭제: {0},Desinstalar Plugin: {0},إلغاء تثبيت إضافة: {0},Uninstal Plugin: {0},
Job_Mod_Install,Name for install mod job,Mod追加: {0},Install Mods: {0},安装Mod：{0},安裝Mod：{0},Mod 추가: {0},Instalar Mods: {0},تثبيت المودات: {0},Instal Mod: {0},
Job_Mod_Uninstall,Name for uninstall mod job,Mod削除: {0},Uninstall Mod: {0},卸载Mod：{0},解除安裝Mod：{0},Mod 삭제: {0},Desinstalar Mod: {0},إلغاء تثبيت مود: {0},Uninstal Mod: {0},
Job_Server_Stop,Name for server stop job,サーバー停止: {0},Stop Server: {0},停止服务器：{0},停止伺服器：{0},서버 정지: {0},Detener Servidor: {0},إيقاف الخادم: {0},Hentikan Server: {0},
Log_Server_Created,Log server created,サーバーを作成しました: {0},Server created: {0},已创建服务器：{0},已建立伺服器：{0},서버를 생성했습니다: {0},Servidor creado: {0},تم إنشاء الخادم: {0},Server dibuat: {0},
Log_Server_Deleted,Log server deleted,サーバーを削除しました: {0},Server deleted: {0},已删除服务器：{0},已刪除伺服器：{0},서버를 삭제했습니다: {0},Servidor eliminado: {0},تم حذف الخادم: {0},Server dihapus: {0},
Log_Plugin_Installed,Log plugin installed,プラグインをインストールしました: {0},Plugin installed: {0},已安装插件：{0},已安裝外掛：{0},플러그인을 설치했습니다: {0},Plugin instalado: {0},تم تثبيت الإضافة: {0},Plugin diinstal: {0},
Log_Plugin_Uninstalled,Log plugin uninstalled,プラグインを削除しました: {0},Plugin uninstalled: {0},已卸载插件：{0},已解除安裝外掛：{0},플러그인을 삭제했습니다: {0},Plugin desinstalado: {0},تم إلغاء تثبيت الإضافة: {0},Plugin diuninstal: {0},
Log_Mod_Installed,Log mod installed,Modをインストールしました: {0},Mod installed: {0},已安装Mod：{0},已安裝Mod：{0},Mod를 설치했습니다: {0},Mod instalado: {0},تم تثبيت المود: {0},Mod diinstal: {0},
Log_Mod_Uninstalled,Log mod uninstalled,Modを削除しました: {0},Mod uninstalled: {0},已卸载Mod：{0},已解除安裝Mod：{0},Mod를 삭제했습니다: {0},Mod desinstalado: {0},تم إلغاء تثبيت المود: {0},Mod diuninstal: {0},
ServerStartedToast_Title,Title for server started toast notification,サーバー起動準備完了,Server Started,服务器启动完成,伺服器啟動完成,서버 시작 완료,Servidor Iniciado,تم تشغيل الخادم,Server Dimulai,
ServerStartedToast_Message,Message for server started toast with IP,公開されました: {0},Published: {0},已发布: {0},已公開: {0},공개되었습니다: {0},Publicado: {0},تم النشر: {0},Diterbitkan: {0},
ServerStartedToast_MessageWithPort,Message for sever started toast with IP and Port,公開されました: {0}:{1},Published: {0}:{1},已发布: {0}:{1},已公開: {0}:{1},공개되었습니다: {0}:{1},Publicado: {0}:{1},تم النشر: {0}:{1},Diterbitkan: {0}:{1},